<?xml version="1.0" encoding="UTF-8" standalone="yes"?><Salesforce><Object type="Contact" operation="retrieve"><Records><Record><Id>003F000001SBki3IAD</Id><Account><Id>001F00000175gzsIAA</Id><Name>Edge Communications</Name></Account><Name>Rose Gonzalez</Name><Title>SVP, Procurement</Title></Record><Record/><Record><Id>003F000001SBki5IAD</Id><Account><Id>001F00000175gztIAA</Id><Name>Burlington Textiles Corp of America</Name></Account><Name>Jack Rogers</Name><Title>VP, Facilities</Title></Record></Records></Object></Salesforce>