<?xml version="1.0" encoding="UTF-8" standalone="yes"?>
<Salesforce>
   <Object operation="query">
      <Records count="20">
         <Record>
            <Id>003F000001SBki3IAD</Id>
            <Account>
               <Id>001F00000175gzsIAA</Id>
               <Name>Edge Communications</Name>
            </Account>
            <Name>Rose Gonzalez</Name>
            <Title>SVP, Procurement</Title>
         </Record>
         <Record>
            <Id>003F000001SBki4IAD</Id>
            <Account>
               <Id>001F00000175gzsIAA</Id>
               <Name>Edge Communications</Name>
            </Account>
            <Name>Sean Forbes</Name>
            <Title>CFO</Title>
         </Record>
         <Record>
            <Id>003F000001SBki5IAD</Id>
            <Account>
               <Id>001F00000175gztIAA</Id>
               <Name>Burlington Textiles Corp of America</Name>
            </Account>
            <Name>Jack Rogers</Name>
            <Title>VP, Facilities</Title>
         </Record>
         <Record>
            <Id>003F000001SBki6IAD</Id>
            <Account>
               <Id>001F00000175gzuIAA</Id>
               <Name>Pyramid Construction Inc.</Name>
            </Account>
            <Name>Pat Stumuller</Name>
            <Title>SVP, Administration and Finance</Title>
         </Record>
         <Record>
            <Id>003F000001SBki7IAD</Id>
            <Account>
               <Id>001F00000175gzvIAA</Id>
               <Name>Dickenson plc</Name>
            </Account>
            <Name>Andy Young</Name>
            <Title>SVP, Operations</Title>
         </Record>
         <Record>
            <Id>003F000001SBki8IAD</Id>
            <Account>
               <Id>001F00000175gzwIAA</Id>
               <Name>Grand Hotels &amp; Resorts Ltd</Name>
            </Account>
            <Name>Tim Barr</Name>
            <Title>SVP, Administration and Finance</Title>
         </Record>
         <Record>
            <Id>003F000001SBki9IAD</Id>
            <Account>
               <Id>001F00000175gzwIAA</Id>
               <Name>Grand Hotels &amp; Resorts Ltd</Name>
            </Account>
            <Name>John Bond</Name>
            <Title>VP, Facilities</Title>
         </Record>
         <Record>
            <Id>003F000001SBkiAIAT</Id>
            <Account>
               <Id>001F00000175gzzIAA</Id>
               <Name>United Oil &amp; Gas Corp.</Name>
            </Account>
            <Name>Stella Pavlova</Name>
            <Title>SVP, Production</Title>
         </Record>
         <Record>
            <Id>003F000001SBkiBIAT</Id>
            <Account>
               <Id>001F00000175gzzIAA</Id>
               <Name>United Oil &amp; Gas Corp.</Name>
            </Account>
            <Name>Lauren Boyle</Name>
            <Title>SVP, Technology</Title>
         </Record>
         <Record>
            <Id>003F000001SBkiCIAT</Id>
            <Account>
               <Id>001F00000175gzxIAA</Id>
               <Name>Express Logistics and Transport</Name>
            </Account>
            <Name>Babara Levy</Name>
            <Title>SVP, Operations</Title>
         </Record>
         <Record>
            <Id>003F000001SBkiDIAT</Id>
            <Account>
               <Id>001F00000175gzxIAA</Id>
               <Name>Express Logistics and Transport</Name>
            </Account>
            <Name>Josh Davis</Name>
            <Title>Director, Warehouse Mgmt</Title>
         </Record>
         <Record>
            <Id>003F000001SBkiEIAT</Id>
            <Account>
               <Id>001F00000175gzyIAA</Id>
               <Name>University of Arizona</Name>
            </Account>
            <Name>Jane Grey</Name>
            <Title>Dean of Administration</Title>
         </Record>
         <Record>
            <Id>003F000001SBkiFIAT</Id>
            <Account>
               <Id>001F00000175gzzIAA</Id>
               <Name>United Oil &amp; Gas Corp.</Name>
            </Account>
            <Name>Arthur Song</Name>
            <Title>CEO</Title>
         </Record>
         <Record>
            <Id>003F000001SBkiGIAT</Id>
            <Account>
               <Id>001F00000175gzqIAA</Id>
               <Name>United Oil &amp; Gas, UK</Name>
            </Account>
            <Name>Ashley James</Name>
            <Title>VP, Finance</Title>
         </Record>
         <Record>
            <Id>003F000001SBkiHIAT</Id>
            <Account>
               <Id>001F00000175gzrIAA</Id>
               <Name>United Oil &amp; Gas, Singapore</Name>
            </Account>
            <Name>Tom Ripley</Name>
            <Title>Regional General Manager</Title>
         </Record>
         <Record>
            <Id>003F000001SBkiIIAT</Id>
            <Account>
               <Id>001F00000175gzrIAA</Id>
               <Name>United Oil &amp; Gas, Singapore</Name>
            </Account>
            <Name>Liz D'Cruz</Name>
            <Title>VP, Production</Title>
         </Record>
         <Record>
            <Id>003F000001SBkiJIAT</Id>
            <Account>
               <Id>001F00000175gzpIAA</Id>
               <Name>GenePoint</Name>
            </Account>
            <Name>Edna Frank</Name>
            <Title>VP, Technology</Title>
         </Record>
         <Record>
            <Id>003F000001SBkiKIAT</Id>
            <Account>
               <Id>001F00000175gzzIAA</Id>
               <Name>United Oil &amp; Gas Corp.</Name>
            </Account>
            <Name>Avi Green</Name>
            <Title>CFO</Title>
         </Record>
         <Record>
            <Id>003F000001SBkiLIAT</Id>
            <Account>
               <Id>001F00000175h00IAA</Id>
               <Name>sForce</Name>
            </Account>
            <Name>Siddartha Nedaerk</Name>
         </Record>
         <Record>
            <Id>003F000001SBkiMIAT</Id>
            <Account>
               <Id>001F00000175h00IAA</Id>
               <Name>sForce</Name>
            </Account>
            <Name>Jake Llorrac</Name>
         </Record>
      </Records>
   </Object>
</Salesforce>