<?xml version="1.0" encoding="UTF-8" standalone="yes"?><Salesforce><Object type="Lead" operation="delete"><Records><Record><Status>Error</Status><Error><ErrorCode>ENTITY_IS_DELETED</ErrorCode><ErrorMessage>entity is deleted</ErrorMessage></Error></Record><Record><Status>Error</Status><Error><ErrorCode>ENTITY_IS_DELETED</ErrorCode><ErrorMessage>entity is deleted</ErrorMessage></Error></Record><Record><Status>Error</Status><Error><ErrorCode>MALFORMED_ID</ErrorCode><ErrorMessage>malformed id 00QF000000btnoUXXX</ErrorMessage></Error></Record></Records></Object></Salesforce>