<?xml version="1.0" encoding="UTF-8" standalone="yes"?><Salesforce><Object type="Lead" operation="retrieve"><Records><Record><Id>00QF000000btnoTMAQ</Id><Company>Microsoft</Company><FirstName>Dipak</FirstName><LastName>Pal</LastName><Salutation>Mr.</Salutation></Record><Record><Id>00QF000000btnoUMAQ</Id><Company>Microsoft</Company><FirstName>Jow</FirstName><LastName>Brown</LastName><Salutation>Mr.</Salutation></Record><Record><Id>00QF000000btnoVMAQ</Id><Company>IBM</Company><FirstName>Hari</FirstName><LastName>Prasad</LastName><Salutation>Mr.</Salutation></Record></Records></Object></Salesforce>